{
  "description": {
    "title": "",
    "text": ""
  },
  "links_1": {
    "list_pages": false,
    "title": "Departamentos",
    "list": [
      {
        "text": "Início",
        "url": "/"
      },
      {
        "text": "Contato",
        "url": "/pages/contato"
      },
      {
        "text": "Trocas e Devoluções",
        "url": "/pages/trocas"
      },
      {
        "text": "Prazo de Entrega",
        "url": "/pages/entrega"
      },
      {
        "text": "Política de Privacidade",
        "url": "/pages/privacidade"
      }
    ]
  },
  "links_2": {
    "list_categories": true,
    "title": "",
    "list": []
  },
  "contacts": {
    "title": "Atendimento de segunda a sexta, 9 às 17, via whatsapp",
    "phone_wpp": true,
    "socials": true,
    "email": true,
    "address": true
  },
  "stamps": [
    {
      "src": "/img/uploads/ssl-safe.png",
      "alt": "Secure connection"
    }
  ],
  "payment_methods": {
    "bb": false,
    "visa": true,
    "boleto": true,
    "aura": true,
    "banrisul": false,
    "elo": true,
    "hipercard": true,
    "hsbc": false,
    "bradesco": false,
    "santander": false,
    "mastercard": true,
    "citibank": false,
    "diners": true,
    "mais": false,
    "amex": true,
    "itau": false
  },
  "credits": ""
}