{
  "marketing_stripe": {
    "text": "Referência no mercado de games há 3 anos",
    "link": "https://www.instagram.com/sngames10/",
    "background": "#3b3b3b",
    "color": "#ffffff"
  },
  "contacts_stripe": {
    "pages": [
      {
        "title": "Trocas e Devoluções",
        "link": "/pages/trocas"
      },
      {
        "link": "/pages/entrega",
        "title": "Prazos de entrega"
      },
      {
        "link": "/pages/privacidade",
        "title": "Privacidade e segurança"
      }
    ],
    "phone_wpp": true,
    "socials": true
  },
  "categories_list": {
    "featured": [],
    "random": 0,
    "full_width": false
  },
  "search_input": true
}