{
  "meta_title": "",
  "meta_description": "",
  "sections": [
    {
      "type": "banner-slider",
      "autoplay": 9000,
      "slides": [
        {
          "start": "",
          "end": "",
          "img": "/img/uploads/bannerdefinitivo.png"
        }
      ]
    },
    {
      "type": "info-bar",
      "enabled": true
    },
    {
      "type": "collection-shelf",
      "shuffle": true,
      "collection_id": null
    },
    {
      "type": "custom-html",
      "html": "<div class=\"banners-grid my-3 my-md-4 my-lg-5\">\n  <div class=\"container\">\n    <div class=\"row\">\n      <div style=\"align-self: center\" class=\"col-12 col-lg-6 mb-3 mb-lg-0\">\n        <h2>Somos referência</h2>\n        <p>São mais de 70 mil seguidores e centenas de depoimentos de clientes felizes. Acompanhe em <a href=\"https://www.instagram.com/sngames10/\">@sngames10</a></p>\n        <h2>Você vai amar ;)</h2>\n      </div>\n      <div class=\"col-12 col-lg-6 mb-3 mb-lg-0\">\n        <iframe style=\"align-self: center\" width=\"252\" height=\"448\" src=\"https://www.youtube.com/embed/LIfXYdPqOlI\" frameborder=\"0\" allow=\"accelerometer; autoplay; encrypted-media; gyroscope; picture-in-picture\" allowfullscreen></iframe>\n      </div>\n    </div>\n  </div>\n</div>\n"
    },
    {
      "type": "banners-grid",
      "banners": [
        {
          "img": "/img/uploads/1.png"
        },
        {
          "img": "/img/uploads/2.png"
        }
      ]
    },
    {
      "type": "custom-html",
      "html": "<script src=\"https://www.sowecms.com/demos/InstagramFeed/dist/InstagramFeed.min.js\"></script>\n<div id=\"instagram-feed\" class=\"instagram_feed\"></div>\n<script>\n    (function(){\n        new InstagramFeed({\n            'username': 'sngames10',\n            'container': document.getElementById(\"instagram-feed\"),\n            'display_profile': false,\n            'display_biography': false,\n            'display_igtv': false,\n            'display_gallery': true,\n            'get_raw_json': false,\n            'callback': null,\n            'styling': true,\n            'items': 6,\n            'items_per_row': 6,\n            'margin': 1 \n        });\n    })();\n</script>"
    }
  ]
}
