{
  "shipping": {
    "show": true,
    "text": " Frete grátis* de Vídeo games:  Capitais e regiões metropolitanas.",
    "link": "https://www.instagram.com/sngames10/"
  },
  "installments": {
    "show": true,
    "text": "6% OFF via pix ou transferência bancária"
  },
  "exchange": {
    "show": true,
    "text": " Envio imediato.  Enviamos no dia útil seguinte",
    "link": ""
  },
  "promo": {
    "show": true,
    "text": " Compra Protegida:  Intermediada e garantida pelo pag seguro, mercado pago ou pagar-me"
  }
}