{
  "assetsByChunkName": {
    "vendors~app-account~app-checkout~app-confirmation~app-order": [
      "chunk.aab87401f9b04f1560fa.js",
      "chunk.aab87401f9b04f1560fa.js.map"
    ],
    "vendors~app-account~app-checkout": [
      "chunk.ae97b6378700f834afc9.js",
      "chunk.ae97b6378700f834afc9.js.map"
    ],
    "vendors~app-cart~app-checkout": [
      "chunk.c52838074751d61b5510.js",
      "chunk.c52838074751d61b5510.js.map"
    ],
    "admin": [
      "admin.e5a29c5ff5028a5f7211.js",
      "admin.e5a29c5ff5028a5f7211.js.map"
    ],
    "app-checkout": [
      "chunk.3f7b3de3fb6c41437102.js",
      "chunk.3f7b3de3fb6c41437102.js.map"
    ],
    "checkout": [
      "checkout.e8113d4712fe62a5ebbe.js",
      "checkout.e8113d4712fe62a5ebbe.js.map"
    ],
    "storefront": [
      "storefront.88890953057f17d7ed07.css",
      "storefront.458577aa1700bad7eec3.js",
      "storefront.88890953057f17d7ed07.css.map",
      "storefront.458577aa1700bad7eec3.js.map"
    ],
    "vendors~app-account": [
      "chunk.12152089b237e15897e6.js",
      "chunk.12152089b237e15897e6.js.map"
    ],
    "vendors~app-cart": [
      "chunk.83935b2f254725c12de2.js",
      "chunk.83935b2f254725c12de2.js.map"
    ],
    "vendors~app-confirmation": [
      "chunk.3a5e243fba54d7019590.js",
      "chunk.3a5e243fba54d7019590.js.map"
    ],
    "vendors~app-order": [
      "chunk.9da07c5103769dcba087.js",
      "chunk.9da07c5103769dcba087.js.map"
    ]
  }
}